{"auto": 0.026507620941020542, "baby": 0.03150912106135987, "bed_bath_table": 0.06098696461824953, "computers_accessories": 0.040875442549082715, "consoles_games": 0.01929824561403509, "cool_stuff": 0.020428015564202335, "electronics": 0.0259391771019678, "fashion_bags_accessories": 0.06666666666666667, "furniture_decor": 0.06070713809206137, "garden_tools": 0.03796791443850268, "health_beauty": 0.04183266932270916, "housewares": 0.034734133790737566, "luggage_accessories": 0.029876977152899824, "office_furniture": 0.028346456692913385, "other": 0.03971304125032027, "perfumery": 0.0327455919395466, "pet_shop": 0.038922155688622756, "sports_leisure": 0.05084745762711865, "stationery": 0.025500910746812388, "telephony": 0.02844744455159113, "toys": 0.029356060606060608, "unknown": 0.029691211401425176, "watches_gifts": 0.028020211299954065}