{"AC": 0.06818181818181818, "AL": 0.03, "AM": 0.0410958904109589, "AP": 0.03125, "BA": 0.03769968051118211, "CE": 0.022187004754358162, "DF": 0.03628601921024546, "ES": 0.043795620437956206, "GO": 0.037422037422037424, "MA": 0.026881720430107527, "MG": 0.03927715286741656, "MS": 0.045871559633027525, "MT": 0.04308390022675737, "PA": 0.03792415169660679, "PB": 0.027888446215139442, "PE": 0.03302509907529723, "PI": 0.029914529914529916, "PR": 0.037199124726477024, "RJ": 0.04217462932454695, "RN": 0.021645021645021644, "RO": 0.03225806451612903, "RR": 0.0, "RS": 0.04200385356454721, "SC": 0.02929350947731189, "SE": 0.03468208092485549, "SP": 0.04204475004227019, "TO": 0.03937007874015748}